profile_id,option,case_id,classification,confidence,applicable,current_job,current_instance,predicted_job,predicted_instance,predicted_authority,target_info_count,resource_id
B,B,E01,unchanged_measured_behavior,measured,false,identity-lab-final,c36-sdk:9464,identity-lab-final,c36-sdk:9464,unchanged_measured_path,1,
B,B,D01,unchanged_measured_behavior,measured,false,identity-lab-final,c36-sdk:9464,identity-lab-final,c36-sdk:9464,unchanged_measured_path,1,
B,B,E02,unchanged_measured_behavior,measured,false,identity-lab-final,c36-sdk:9464,identity-lab-final,c36-sdk:9464,unchanged_measured_path,1,
B,B,D02,unchanged_measured_behavior,measured,false,identity-lab-final,c36-sdk:9464,identity-lab-final,c36-sdk:9464,unchanged_measured_path,1,
B,B,E03,specification_predicted,conditional,true,identity-lab-source,c36-sdk:9464,identity-lab-source,c36-sdk:9464,upstream_translator,1,
B,B,D03,specification_predicted,conditional,true,payments/checkout,sdk-1,identity-lab-source,c36-sdk:9464,upstream_translator,1,
B,B,E04,unchanged_measured_behavior,measured,false,payments/checkout,sdk-1,payments/checkout,sdk-1,unchanged_measured_path,1,
B,B,E05,unchanged_measured_behavior,measured,false,identity-lab-final,c36-collector:9464,identity-lab-final,c36-collector:9464,unchanged_measured_path,1,
B,B,E06,unchanged_measured_behavior,measured,false,identity-lab-final,c36-collector:9464,identity-lab-final,c36-collector:9464,unchanged_measured_path,1,
B,B,E07,unchanged_measured_behavior,measured,false,payments/checkout,sdk-1,payments/checkout,sdk-1,unchanged_measured_path,1,
B,B,E08,unchanged_measured_behavior,measured,false,payments/checkout,sdk-1,payments/checkout,sdk-1,unchanged_measured_path,1,
B,B,E09,unchanged_measured_behavior,measured,false,payments/checkout,sdk-1,payments/checkout,sdk-1,unchanged_measured_path,1,
B,B,U01,unchanged_measured_behavior,measured,false,payments/checkout,sdk-1,payments/checkout,sdk-1,unchanged_measured_path,1,
B,B,U02,unchanged_measured_behavior,measured,false,payments/checkout,sdk-1,payments/checkout,sdk-1,unchanged_measured_path,1,
B,B,U03,unchanged_measured_behavior,measured,false,payments/checkout,sdk-1,payments/checkout,sdk-1,unchanged_measured_path,1,
B,B,U04,unchanged_measured_behavior,measured,false,payments/checkout,sdk-1,payments/checkout,sdk-1,unchanged_measured_path,1,
B,B,U05,specification_predicted,conditional,true,identity-lab-source,c36-sdk:9464,identity-lab-source,c36-sdk:9464,upstream_translator,1,
B,B,D04,specification_predicted,conditional,true,payments/checkout,sdk-1,identity-lab-source,c36-sdk:9464,upstream_translator,1,
B,B,U06,specification_predicted,conditional,true,identity-lab-source,c36-sdk:9464,identity-lab-source,c36-sdk:9464,upstream_translator,1,
B,B,D05,specification_predicted,conditional,true,payments/checkout,sdk-1,identity-lab-source,c36-sdk:9464,upstream_translator,1,
B,B,U07,specification_predicted,conditional,true,identity-lab-source,c36-sdk:9464,identity-lab-source,c36-sdk:9464,upstream_translator,1,
B,B,D06,specification_predicted,conditional,true,payments/checkout,sdk-1,identity-lab-source,c36-sdk:9464,upstream_translator,1,
B,B,U08,specification_predicted,conditional,true,identity-lab-source,c36-sdk:9464,identity-lab-source,c36-sdk:9464,upstream_translator,1,
B,B,D07,specification_predicted,conditional,true,payments/checkout,sdk-1,identity-lab-source,c36-sdk:9464,upstream_translator,1,
B,B,U09,specification_predicted,conditional,true,identity-lab-source,c36-sdk:9464,identity-lab-source,c36-sdk:9464,upstream_translator,2,
B,B,D08,specification_predicted,conditional,true,payments/checkout,sdk-1,identity-lab-source,c36-sdk:9464,upstream_translator,2,
B,B,U10,specification_predicted,conditional,true,identity-lab-source,c36-sdk:9464,identity-lab-source,c36-sdk:9464,upstream_translator,2,
B,B,D09,specification_predicted,conditional,true,payments/checkout,sdk-1,identity-lab-source,c36-sdk:9464,upstream_translator,2,
B,B,U11,specification_predicted,conditional,true,identity-lab-source,c36-sdk:9464,identity-lab-source,c36-sdk:9464,upstream_translator,2,
B,B,D10,specification_predicted,conditional,true,payments/checkout,sdk-1,identity-lab-source,c36-sdk:9464,upstream_translator,2,
B,B,U12,specification_predicted,conditional,true,identity-lab-source,c36-sdk:9464,identity-lab-source,c36-sdk:9464,upstream_translator,2,
B,B,D11,specification_predicted,conditional,true,payments/checkout,sdk-1,identity-lab-source,c36-sdk:9464,upstream_translator,2,
B,B,U13,specification_predicted,conditional,true,identity-lab-final,c36-collector:9464,identity-lab-final,c36-collector:9464,final_scrape_target,1,
B,B,D12,specification_predicted,conditional,true,identity-lab-final,c36-collector:9464,identity-lab-final,c36-collector:9464,final_scrape_target,1,
B,B,U14,specification_predicted,conditional,true,identity-lab-final,c36-collector:9464,identity-lab-final,c36-collector:9464,final_scrape_target,1,
B,B,D13,specification_predicted,conditional,true,identity-lab-final,c36-collector:9464,identity-lab-final,c36-collector:9464,final_scrape_target,1,
B,B,U15,specification_predicted,conditional,true,identity-lab-source,c36-sdk:9464,identity-lab-source,c36-sdk:9464,upstream_translator,1,
B,B,D14,specification_predicted,conditional,true,payments/checkout,sdk-1,identity-lab-source,c36-sdk:9464,upstream_translator,1,
B,B,U16,specification_predicted,conditional,true,identity-lab-final,c36-collector:9464,identity-lab-final,c36-collector:9464,final_scrape_target,2,
B,B,D15,specification_predicted,conditional,true,identity-lab-final,c36-collector:9464,identity-lab-final,c36-collector:9464,final_scrape_target,2,
B,B,U17,specification_predicted,conditional,true,identity-lab-source,c36-sdk:9464,identity-lab-source,c36-sdk:9464,upstream_translator,2,
B,B,D16,specification_predicted,conditional,true,payments/checkout,sdk-1,identity-lab-source,c36-sdk:9464,upstream_translator,2,
B,B,U18,specification_predicted,conditional,true,identity-lab-final,c36-collector:9464,identity-lab-final,c36-collector:9464,final_scrape_target,2,
B,B,D17,specification_predicted,conditional,true,identity-lab-final,c36-collector:9464,identity-lab-final,c36-collector:9464,final_scrape_target,2,
B,B,U19,specification_predicted,conditional,true,identity-lab-source,c36-sdk:9464,identity-lab-source,c36-sdk:9464,upstream_translator,2,
B,B,D18,specification_predicted,conditional,true,payments/checkout,sdk-1,identity-lab-source,c36-sdk:9464,upstream_translator,2,
B,B,U20,specification_predicted,conditional,true,identity-lab-source,c36-sdk:9464,identity-lab-source,c36-sdk:9464,upstream_translator,1,
B,B,D19,specification_predicted,conditional,true,payments/checkout,sdk-1,identity-lab-source,c36-sdk:9464,upstream_translator,1,
B,B,U21,specification_predicted,conditional,true,identity-lab-source,c36-sdk:9464,identity-lab-source,c36-sdk:9464,upstream_translator,1,
B,B,D20,specification_predicted,conditional,true,payments/checkout,sdk-1,identity-lab-source,c36-sdk:9464,upstream_translator,1,
B,B,U22,specification_predicted,conditional,true,identity-lab-source,c36-sdk:9464,identity-lab-source,c36-sdk:9464,upstream_translator,2,
B,B,D21,specification_predicted,conditional,true,payments/checkout,sdk-1,identity-lab-source,c36-sdk:9464,upstream_translator,2,
B,B,U23,specification_predicted,conditional,true,identity-lab-source,c36-sdk:9464,identity-lab-source,c36-sdk:9464,upstream_translator,2,
B,B,D22,specification_predicted,conditional,true,payments/checkout,sdk-1,identity-lab-source,c36-sdk:9464,upstream_translator,2,
B,B,U24,unchanged_measured_behavior,measured,false,payments/checkout,sdk-1,payments/checkout,sdk-1,unchanged_measured_path,1,
B,B,U25,unchanged_measured_behavior,measured,false,payments/checkout,sdk-1,payments/checkout,sdk-1,unchanged_measured_path,1,
B,B,U26,unchanged_measured_behavior,measured,false,payments/checkout,sdk-1,payments/checkout,sdk-1,unchanged_measured_path,1,
B,B,U27,unchanged_measured_behavior,measured,false,payments/checkout,sdk-1,payments/checkout,sdk-1,unchanged_measured_path,1,
C-default-derive,C,E01,unchanged_measured_behavior,measured,false,identity-lab-final,c36-sdk:9464,identity-lab-final,c36-sdk:9464,unchanged_measured_path,1,
C-default-derive,C,D01,unchanged_measured_behavior,measured,false,identity-lab-final,c36-sdk:9464,identity-lab-final,c36-sdk:9464,unchanged_measured_path,1,
C-default-derive,C,E02,unchanged_measured_behavior,measured,false,identity-lab-final,c36-sdk:9464,identity-lab-final,c36-sdk:9464,unchanged_measured_path,1,
C-default-derive,C,D02,unchanged_measured_behavior,measured,false,identity-lab-final,c36-sdk:9464,identity-lab-final,c36-sdk:9464,unchanged_measured_path,1,
C-default-derive,C,E03,specification_predicted,conditional,true,identity-lab-source,c36-sdk:9464,payments/checkout,sdk-1,upstream_translator,1,
C-default-derive,C,D03,specification_predicted,conditional,true,payments/checkout,sdk-1,payments/checkout,sdk-1,upstream_translator,1,
C-default-derive,C,E04,unchanged_measured_behavior,measured,false,payments/checkout,sdk-1,payments/checkout,sdk-1,unchanged_measured_path,1,
C-default-derive,C,E05,unchanged_measured_behavior,measured,false,identity-lab-final,c36-collector:9464,identity-lab-final,c36-collector:9464,unchanged_measured_path,1,
C-default-derive,C,E06,unchanged_measured_behavior,measured,false,identity-lab-final,c36-collector:9464,identity-lab-final,c36-collector:9464,unchanged_measured_path,1,
C-default-derive,C,E07,unchanged_measured_behavior,measured,false,payments/checkout,sdk-1,payments/checkout,sdk-1,unchanged_measured_path,1,
C-default-derive,C,E08,unchanged_measured_behavior,measured,false,payments/checkout,sdk-1,payments/checkout,sdk-1,unchanged_measured_path,1,
C-default-derive,C,E09,unchanged_measured_behavior,measured,false,payments/checkout,sdk-1,payments/checkout,sdk-1,unchanged_measured_path,1,
C-default-derive,C,U01,unchanged_measured_behavior,measured,false,payments/checkout,sdk-1,payments/checkout,sdk-1,unchanged_measured_path,1,
C-default-derive,C,U02,unchanged_measured_behavior,measured,false,payments/checkout,sdk-1,payments/checkout,sdk-1,unchanged_measured_path,1,
C-default-derive,C,U03,unchanged_measured_behavior,measured,false,payments/checkout,sdk-1,payments/checkout,sdk-1,unchanged_measured_path,1,
C-default-derive,C,U04,unchanged_measured_behavior,measured,false,payments/checkout,sdk-1,payments/checkout,sdk-1,unchanged_measured_path,1,
C-default-derive,C,U05,specification_predicted,conditional,true,identity-lab-source,c36-sdk:9464,payments/checkout,sdk-1,upstream_translator,1,
C-default-derive,C,D04,specification_predicted,conditional,true,payments/checkout,sdk-1,payments/checkout,sdk-1,upstream_translator,1,
C-default-derive,C,U06,specification_predicted,conditional,true,identity-lab-source,c36-sdk:9464,payments/checkout,sdk-1,upstream_translator,1,
C-default-derive,C,D05,specification_predicted,conditional,true,payments/checkout,sdk-1,payments/checkout,sdk-1,upstream_translator,1,
C-default-derive,C,U07,specification_predicted,conditional,true,identity-lab-source,c36-sdk:9464,payments/checkout,sdk-1,upstream_translator,1,
C-default-derive,C,D06,specification_predicted,conditional,true,payments/checkout,sdk-1,payments/checkout,sdk-1,upstream_translator,1,
C-default-derive,C,U08,specification_predicted,conditional,true,identity-lab-source,c36-sdk:9464,payments/checkout,sdk-1,upstream_translator,1,
C-default-derive,C,D07,specification_predicted,conditional,true,payments/checkout,sdk-1,payments/checkout,sdk-1,upstream_translator,1,
C-default-derive,C,U09,specification_predicted,conditional,true,identity-lab-source,c36-sdk:9464,payments/checkout,sdk-1,upstream_translator,2,
C-default-derive,C,D08,specification_predicted,conditional,true,payments/checkout,sdk-1,payments/checkout,sdk-1,upstream_translator,2,
C-default-derive,C,U10,specification_predicted,conditional,true,identity-lab-source,c36-sdk:9464,payments/checkout,sdk-1,upstream_translator,2,
C-default-derive,C,D09,specification_predicted,conditional,true,payments/checkout,sdk-1,payments/checkout,sdk-1,upstream_translator,2,
C-default-derive,C,U11,specification_predicted,conditional,true,identity-lab-source,c36-sdk:9464,payments/checkout,sdk-1,upstream_translator,2,
C-default-derive,C,D10,specification_predicted,conditional,true,payments/checkout,sdk-1,payments/checkout,sdk-1,upstream_translator,2,
C-default-derive,C,U12,specification_predicted,conditional,true,identity-lab-source,c36-sdk:9464,payments/checkout,sdk-1,upstream_translator,2,
C-default-derive,C,D11,specification_predicted,conditional,true,payments/checkout,sdk-1,payments/checkout,sdk-1,upstream_translator,2,
C-default-derive,C,U13,specification_predicted,conditional,true,identity-lab-final,c36-collector:9464,identity-lab-final,c36-collector:9464,final_scrape_target,1,
C-default-derive,C,D12,specification_predicted,conditional,true,identity-lab-final,c36-collector:9464,identity-lab-final,c36-collector:9464,final_scrape_target,1,
C-default-derive,C,U14,specification_predicted,conditional,true,identity-lab-final,c36-collector:9464,identity-lab-final,c36-collector:9464,final_scrape_target,1,
C-default-derive,C,D13,specification_predicted,conditional,true,identity-lab-final,c36-collector:9464,identity-lab-final,c36-collector:9464,final_scrape_target,1,
C-default-derive,C,U15,specification_predicted,conditional,true,identity-lab-source,c36-sdk:9464,payments/checkout,sdk-1,upstream_translator,1,
C-default-derive,C,D14,specification_predicted,conditional,true,payments/checkout,sdk-1,payments/checkout,sdk-1,upstream_translator,1,
C-default-derive,C,U16,specification_predicted,conditional,true,identity-lab-final,c36-collector:9464,identity-lab-final,c36-collector:9464,final_scrape_target,2,
C-default-derive,C,D15,specification_predicted,conditional,true,identity-lab-final,c36-collector:9464,identity-lab-final,c36-collector:9464,final_scrape_target,2,
C-default-derive,C,U17,specification_predicted,conditional,true,identity-lab-source,c36-sdk:9464,payments/checkout,sdk-1,upstream_translator,2,
C-default-derive,C,D16,specification_predicted,conditional,true,payments/checkout,sdk-1,payments/checkout,sdk-1,upstream_translator,2,
C-default-derive,C,U18,specification_predicted,conditional,true,identity-lab-final,c36-collector:9464,identity-lab-final,c36-collector:9464,final_scrape_target,2,
C-default-derive,C,D17,specification_predicted,conditional,true,identity-lab-final,c36-collector:9464,identity-lab-final,c36-collector:9464,final_scrape_target,2,
C-default-derive,C,U19,specification_predicted,conditional,true,identity-lab-source,c36-sdk:9464,payments/checkout,sdk-1,upstream_translator,2,
C-default-derive,C,D18,specification_predicted,conditional,true,payments/checkout,sdk-1,payments/checkout,sdk-1,upstream_translator,2,
C-default-derive,C,U20,specification_predicted,conditional,true,identity-lab-source,c36-sdk:9464,payments/checkout,sdk-1,upstream_translator,1,
C-default-derive,C,D19,specification_predicted,conditional,true,payments/checkout,sdk-1,payments/checkout,sdk-1,upstream_translator,1,
C-default-derive,C,U21,specification_predicted,conditional,true,identity-lab-source,c36-sdk:9464,payments/checkout,sdk-1,upstream_translator,1,
C-default-derive,C,D20,specification_predicted,conditional,true,payments/checkout,sdk-1,payments/checkout,sdk-1,upstream_translator,1,
C-default-derive,C,U22,specification_predicted,conditional,true,identity-lab-source,c36-sdk:9464,payments/checkout,sdk-1,upstream_translator,2,
C-default-derive,C,D21,specification_predicted,conditional,true,payments/checkout,sdk-1,payments/checkout,sdk-1,upstream_translator,2,
C-default-derive,C,U23,specification_predicted,conditional,true,identity-lab-source,c36-sdk:9464,payments/checkout,sdk-1,upstream_translator,2,
C-default-derive,C,D22,specification_predicted,conditional,true,payments/checkout,sdk-1,payments/checkout,sdk-1,upstream_translator,2,
C-default-derive,C,U24,unchanged_measured_behavior,measured,false,payments/checkout,sdk-1,payments/checkout,sdk-1,unchanged_measured_path,1,
C-default-derive,C,U25,unchanged_measured_behavior,measured,false,payments/checkout,sdk-1,payments/checkout,sdk-1,unchanged_measured_path,1,
C-default-derive,C,U26,unchanged_measured_behavior,measured,false,payments/checkout,sdk-1,payments/checkout,sdk-1,unchanged_measured_path,1,
C-default-derive,C,U27,unchanged_measured_behavior,measured,false,payments/checkout,sdk-1,payments/checkout,sdk-1,unchanged_measured_path,1,
C-never-derive,C,E01,unchanged_measured_behavior,measured,false,identity-lab-final,c36-sdk:9464,identity-lab-final,c36-sdk:9464,unchanged_measured_path,1,
C-never-derive,C,D01,unchanged_measured_behavior,measured,false,identity-lab-final,c36-sdk:9464,identity-lab-final,c36-sdk:9464,unchanged_measured_path,1,
C-never-derive,C,E02,unchanged_measured_behavior,measured,false,identity-lab-final,c36-sdk:9464,identity-lab-final,c36-sdk:9464,unchanged_measured_path,1,
C-never-derive,C,D02,unchanged_measured_behavior,measured,false,identity-lab-final,c36-sdk:9464,identity-lab-final,c36-sdk:9464,unchanged_measured_path,1,
C-never-derive,C,E03,specification_predicted,conditional,true,identity-lab-source,c36-sdk:9464,payments/checkout,sdk-1,upstream_translator,1,
C-never-derive,C,D03,specification_predicted,conditional,true,payments/checkout,sdk-1,payments/checkout,sdk-1,upstream_translator,1,
C-never-derive,C,E04,unchanged_measured_behavior,measured,false,payments/checkout,sdk-1,payments/checkout,sdk-1,unchanged_measured_path,1,
C-never-derive,C,E05,unchanged_measured_behavior,measured,false,identity-lab-final,c36-collector:9464,identity-lab-final,c36-collector:9464,unchanged_measured_path,1,
C-never-derive,C,E06,unchanged_measured_behavior,measured,false,identity-lab-final,c36-collector:9464,identity-lab-final,c36-collector:9464,unchanged_measured_path,1,
C-never-derive,C,E07,unchanged_measured_behavior,measured,false,payments/checkout,sdk-1,payments/checkout,sdk-1,unchanged_measured_path,1,
C-never-derive,C,E08,unchanged_measured_behavior,measured,false,payments/checkout,sdk-1,payments/checkout,sdk-1,unchanged_measured_path,1,
C-never-derive,C,E09,unchanged_measured_behavior,measured,false,payments/checkout,sdk-1,payments/checkout,sdk-1,unchanged_measured_path,1,
C-never-derive,C,U01,unchanged_measured_behavior,measured,false,payments/checkout,sdk-1,payments/checkout,sdk-1,unchanged_measured_path,1,
C-never-derive,C,U02,unchanged_measured_behavior,measured,false,payments/checkout,sdk-1,payments/checkout,sdk-1,unchanged_measured_path,1,
C-never-derive,C,U03,unchanged_measured_behavior,measured,false,payments/checkout,sdk-1,payments/checkout,sdk-1,unchanged_measured_path,1,
C-never-derive,C,U04,unchanged_measured_behavior,measured,false,payments/checkout,sdk-1,payments/checkout,sdk-1,unchanged_measured_path,1,
C-never-derive,C,U05,specification_predicted,conditional,true,identity-lab-source,c36-sdk:9464,payments/checkout,sdk-1,upstream_translator,1,
C-never-derive,C,D04,specification_predicted,conditional,true,payments/checkout,sdk-1,payments/checkout,sdk-1,upstream_translator,1,
C-never-derive,C,U06,specification_predicted,conditional,true,identity-lab-source,c36-sdk:9464,payments/checkout,sdk-1,upstream_translator,1,
C-never-derive,C,D05,specification_predicted,conditional,true,payments/checkout,sdk-1,payments/checkout,sdk-1,upstream_translator,1,
C-never-derive,C,U07,specification_predicted,conditional,true,identity-lab-source,c36-sdk:9464,payments/checkout,sdk-1,upstream_translator,1,
C-never-derive,C,D06,specification_predicted,conditional,true,payments/checkout,sdk-1,payments/checkout,sdk-1,upstream_translator,1,
C-never-derive,C,U08,specification_predicted,conditional,true,identity-lab-source,c36-sdk:9464,payments/checkout,sdk-1,upstream_translator,1,
C-never-derive,C,D07,specification_predicted,conditional,true,payments/checkout,sdk-1,payments/checkout,sdk-1,upstream_translator,1,
C-never-derive,C,U09,specification_predicted,conditional,true,identity-lab-source,c36-sdk:9464,payments/checkout,sdk-1,upstream_translator,2,
C-never-derive,C,D08,specification_predicted,conditional,true,payments/checkout,sdk-1,payments/checkout,sdk-1,upstream_translator,2,
C-never-derive,C,U10,specification_predicted,conditional,true,identity-lab-source,c36-sdk:9464,payments/checkout,sdk-1,upstream_translator,2,
C-never-derive,C,D09,specification_predicted,conditional,true,payments/checkout,sdk-1,payments/checkout,sdk-1,upstream_translator,2,
C-never-derive,C,U11,specification_predicted,conditional,true,identity-lab-source,c36-sdk:9464,payments/checkout,sdk-1,upstream_translator,2,
C-never-derive,C,D10,specification_predicted,conditional,true,payments/checkout,sdk-1,payments/checkout,sdk-1,upstream_translator,2,
C-never-derive,C,U12,specification_predicted,conditional,true,identity-lab-source,c36-sdk:9464,payments/checkout,sdk-1,upstream_translator,2,
C-never-derive,C,D11,specification_predicted,conditional,true,payments/checkout,sdk-1,payments/checkout,sdk-1,upstream_translator,2,
C-never-derive,C,U13,specification_predicted,conditional,true,identity-lab-final,c36-collector:9464,identity-lab-final,c36-collector:9464,final_scrape_target,1,
C-never-derive,C,D12,specification_predicted,conditional,true,identity-lab-final,c36-collector:9464,identity-lab-final,c36-collector:9464,final_scrape_target,1,
C-never-derive,C,U14,specification_predicted,conditional,true,identity-lab-final,c36-collector:9464,identity-lab-final,c36-collector:9464,final_scrape_target,1,
C-never-derive,C,D13,specification_predicted,conditional,true,identity-lab-final,c36-collector:9464,identity-lab-final,c36-collector:9464,final_scrape_target,1,
C-never-derive,C,U15,specification_predicted,conditional,true,identity-lab-source,c36-sdk:9464,payments/checkout,sdk-1,upstream_translator,1,
C-never-derive,C,D14,specification_predicted,conditional,true,payments/checkout,sdk-1,payments/checkout,sdk-1,upstream_translator,1,
C-never-derive,C,U16,specification_predicted,conditional,true,identity-lab-final,c36-collector:9464,identity-lab-final,c36-collector:9464,final_scrape_target,2,
C-never-derive,C,D15,specification_predicted,conditional,true,identity-lab-final,c36-collector:9464,identity-lab-final,c36-collector:9464,final_scrape_target,2,
C-never-derive,C,U17,specification_predicted,conditional,true,identity-lab-source,c36-sdk:9464,payments/checkout,sdk-1,upstream_translator,2,
C-never-derive,C,D16,specification_predicted,conditional,true,payments/checkout,sdk-1,payments/checkout,sdk-1,upstream_translator,2,
C-never-derive,C,U18,specification_predicted,conditional,true,identity-lab-final,c36-collector:9464,identity-lab-final,c36-collector:9464,final_scrape_target,2,
C-never-derive,C,D17,specification_predicted,conditional,true,identity-lab-final,c36-collector:9464,identity-lab-final,c36-collector:9464,final_scrape_target,2,
C-never-derive,C,U19,specification_predicted,conditional,true,identity-lab-source,c36-sdk:9464,payments/checkout,sdk-1,upstream_translator,2,
C-never-derive,C,D18,specification_predicted,conditional,true,payments/checkout,sdk-1,payments/checkout,sdk-1,upstream_translator,2,
C-never-derive,C,U20,specification_predicted,conditional,true,identity-lab-source,c36-sdk:9464,payments/checkout,sdk-1,upstream_translator,1,
C-never-derive,C,D19,specification_predicted,conditional,true,payments/checkout,sdk-1,payments/checkout,sdk-1,upstream_translator,1,
C-never-derive,C,U21,specification_predicted,conditional,true,identity-lab-source,c36-sdk:9464,payments/checkout,sdk-1,upstream_translator,1,
C-never-derive,C,D20,specification_predicted,conditional,true,payments/checkout,sdk-1,payments/checkout,sdk-1,upstream_translator,1,
C-never-derive,C,U22,specification_predicted,conditional,true,identity-lab-source,c36-sdk:9464,payments/checkout,sdk-1,upstream_translator,2,
C-never-derive,C,D21,specification_predicted,conditional,true,payments/checkout,sdk-1,payments/checkout,sdk-1,upstream_translator,2,
C-never-derive,C,U23,specification_predicted,conditional,true,identity-lab-source,c36-sdk:9464,payments/checkout,sdk-1,upstream_translator,2,
C-never-derive,C,D22,specification_predicted,conditional,true,payments/checkout,sdk-1,payments/checkout,sdk-1,upstream_translator,2,
C-never-derive,C,U24,unchanged_measured_behavior,measured,false,payments/checkout,sdk-1,payments/checkout,sdk-1,unchanged_measured_path,1,
C-never-derive,C,U25,unchanged_measured_behavior,measured,false,payments/checkout,sdk-1,payments/checkout,sdk-1,unchanged_measured_path,1,
C-never-derive,C,U26,unchanged_measured_behavior,measured,false,payments/checkout,sdk-1,payments/checkout,sdk-1,unchanged_measured_path,1,
C-never-derive,C,U27,unchanged_measured_behavior,measured,false,payments/checkout,sdk-1,payments/checkout,sdk-1,unchanged_measured_path,1,
C1-default-derive,C.1,E01,unchanged_measured_behavior,measured,false,identity-lab-final,c36-sdk:9464,identity-lab-final,c36-sdk:9464,unchanged_measured_path,1,
C1-default-derive,C.1,D01,unchanged_measured_behavior,measured,false,identity-lab-final,c36-sdk:9464,identity-lab-final,c36-sdk:9464,unchanged_measured_path,1,
C1-default-derive,C.1,E02,unchanged_measured_behavior,measured,false,identity-lab-final,c36-sdk:9464,identity-lab-final,c36-sdk:9464,unchanged_measured_path,1,
C1-default-derive,C.1,D02,unchanged_measured_behavior,measured,false,identity-lab-final,c36-sdk:9464,identity-lab-final,c36-sdk:9464,unchanged_measured_path,1,
C1-default-derive,C.1,E03,specification_predicted,conditional,true,identity-lab-source,c36-sdk:9464,identity-lab-source,c36-sdk:9464,upstream_translator,1,
C1-default-derive,C.1,D03,specification_predicted,conditional,true,payments/checkout,sdk-1,payments/checkout,sdk-1,upstream_translator,1,
C1-default-derive,C.1,E04,unchanged_measured_behavior,measured,false,payments/checkout,sdk-1,payments/checkout,sdk-1,unchanged_measured_path,1,
C1-default-derive,C.1,E05,unchanged_measured_behavior,measured,false,identity-lab-final,c36-collector:9464,identity-lab-final,c36-collector:9464,unchanged_measured_path,1,
C1-default-derive,C.1,E06,unchanged_measured_behavior,measured,false,identity-lab-final,c36-collector:9464,identity-lab-final,c36-collector:9464,unchanged_measured_path,1,
C1-default-derive,C.1,E07,unchanged_measured_behavior,measured,false,payments/checkout,sdk-1,payments/checkout,sdk-1,unchanged_measured_path,1,
C1-default-derive,C.1,E08,unchanged_measured_behavior,measured,false,payments/checkout,sdk-1,payments/checkout,sdk-1,unchanged_measured_path,1,
C1-default-derive,C.1,E09,unchanged_measured_behavior,measured,false,payments/checkout,sdk-1,payments/checkout,sdk-1,unchanged_measured_path,1,
C1-default-derive,C.1,U01,unchanged_measured_behavior,measured,false,payments/checkout,sdk-1,payments/checkout,sdk-1,unchanged_measured_path,1,
C1-default-derive,C.1,U02,unchanged_measured_behavior,measured,false,payments/checkout,sdk-1,payments/checkout,sdk-1,unchanged_measured_path,1,
C1-default-derive,C.1,U03,unchanged_measured_behavior,measured,false,payments/checkout,sdk-1,payments/checkout,sdk-1,unchanged_measured_path,1,
C1-default-derive,C.1,U04,unchanged_measured_behavior,measured,false,payments/checkout,sdk-1,payments/checkout,sdk-1,unchanged_measured_path,1,
C1-default-derive,C.1,U05,specification_predicted,conditional,true,identity-lab-source,c36-sdk:9464,identity-lab-source,c36-sdk:9464,upstream_translator,1,
C1-default-derive,C.1,D04,specification_predicted,conditional,true,payments/checkout,sdk-1,payments/checkout,sdk-1,upstream_translator,1,
C1-default-derive,C.1,U06,specification_predicted,conditional,true,identity-lab-source,c36-sdk:9464,identity-lab-source,c36-sdk:9464,upstream_translator,1,
C1-default-derive,C.1,D05,specification_predicted,conditional,true,payments/checkout,sdk-1,payments/checkout,sdk-1,upstream_translator,1,
C1-default-derive,C.1,U07,specification_predicted,conditional,true,identity-lab-source,c36-sdk:9464,identity-lab-source,c36-sdk:9464,upstream_translator,1,
C1-default-derive,C.1,D06,specification_predicted,conditional,true,payments/checkout,sdk-1,payments/checkout,sdk-1,upstream_translator,1,
C1-default-derive,C.1,U08,specification_predicted,conditional,true,identity-lab-source,c36-sdk:9464,identity-lab-source,c36-sdk:9464,upstream_translator,1,
C1-default-derive,C.1,D07,specification_predicted,conditional,true,payments/checkout,sdk-1,payments/checkout,sdk-1,upstream_translator,1,
C1-default-derive,C.1,U09,specification_predicted,conditional,true,identity-lab-source,c36-sdk:9464,identity-lab-source,c36-sdk:9464,upstream_translator,2,
C1-default-derive,C.1,D08,specification_predicted,conditional,true,payments/checkout,sdk-1,payments/checkout,sdk-1,upstream_translator,2,
C1-default-derive,C.1,U10,specification_predicted,conditional,true,identity-lab-source,c36-sdk:9464,identity-lab-source,c36-sdk:9464,upstream_translator,2,
C1-default-derive,C.1,D09,specification_predicted,conditional,true,payments/checkout,sdk-1,payments/checkout,sdk-1,upstream_translator,2,
C1-default-derive,C.1,U11,specification_predicted,conditional,true,identity-lab-source,c36-sdk:9464,identity-lab-source,c36-sdk:9464,upstream_translator,2,
C1-default-derive,C.1,D10,specification_predicted,conditional,true,payments/checkout,sdk-1,payments/checkout,sdk-1,upstream_translator,2,
C1-default-derive,C.1,U12,specification_predicted,conditional,true,identity-lab-source,c36-sdk:9464,identity-lab-source,c36-sdk:9464,upstream_translator,2,
C1-default-derive,C.1,D11,specification_predicted,conditional,true,payments/checkout,sdk-1,payments/checkout,sdk-1,upstream_translator,2,
C1-default-derive,C.1,U13,specification_predicted,conditional,true,identity-lab-final,c36-collector:9464,identity-lab-final,c36-collector:9464,final_scrape_target,1,
C1-default-derive,C.1,D12,specification_predicted,conditional,true,identity-lab-final,c36-collector:9464,identity-lab-final,c36-collector:9464,final_scrape_target,1,
C1-default-derive,C.1,U14,specification_predicted,conditional,true,identity-lab-final,c36-collector:9464,identity-lab-final,c36-collector:9464,final_scrape_target,1,
C1-default-derive,C.1,D13,specification_predicted,conditional,true,identity-lab-final,c36-collector:9464,identity-lab-final,c36-collector:9464,final_scrape_target,1,
C1-default-derive,C.1,U15,specification_predicted,conditional,true,identity-lab-source,c36-sdk:9464,identity-lab-source,c36-sdk:9464,upstream_translator,1,
C1-default-derive,C.1,D14,specification_predicted,conditional,true,payments/checkout,sdk-1,payments/checkout,sdk-1,upstream_translator,1,
C1-default-derive,C.1,U16,specification_predicted,conditional,true,identity-lab-final,c36-collector:9464,identity-lab-final,c36-collector:9464,final_scrape_target,2,
C1-default-derive,C.1,D15,specification_predicted,conditional,true,identity-lab-final,c36-collector:9464,identity-lab-final,c36-collector:9464,final_scrape_target,2,
C1-default-derive,C.1,U17,specification_predicted,conditional,true,identity-lab-source,c36-sdk:9464,identity-lab-source,c36-sdk:9464,upstream_translator,2,
C1-default-derive,C.1,D16,specification_predicted,conditional,true,payments/checkout,sdk-1,payments/checkout,sdk-1,upstream_translator,2,
C1-default-derive,C.1,U18,specification_predicted,conditional,true,identity-lab-final,c36-collector:9464,identity-lab-final,c36-collector:9464,final_scrape_target,2,
C1-default-derive,C.1,D17,specification_predicted,conditional,true,identity-lab-final,c36-collector:9464,identity-lab-final,c36-collector:9464,final_scrape_target,2,
C1-default-derive,C.1,U19,specification_predicted,conditional,true,identity-lab-source,c36-sdk:9464,identity-lab-source,c36-sdk:9464,upstream_translator,2,
C1-default-derive,C.1,D18,specification_predicted,conditional,true,payments/checkout,sdk-1,payments/checkout,sdk-1,upstream_translator,2,
C1-default-derive,C.1,U20,specification_predicted,conditional,true,identity-lab-source,c36-sdk:9464,identity-lab-source,c36-sdk:9464,upstream_translator,1,
C1-default-derive,C.1,D19,specification_predicted,conditional,true,payments/checkout,sdk-1,payments/checkout,sdk-1,upstream_translator,1,
C1-default-derive,C.1,U21,specification_predicted,conditional,true,identity-lab-source,c36-sdk:9464,identity-lab-source,c36-sdk:9464,upstream_translator,1,
C1-default-derive,C.1,D20,specification_predicted,conditional,true,payments/checkout,sdk-1,payments/checkout,sdk-1,upstream_translator,1,
C1-default-derive,C.1,U22,specification_predicted,conditional,true,identity-lab-source,c36-sdk:9464,identity-lab-source,c36-sdk:9464,upstream_translator,2,
C1-default-derive,C.1,D21,specification_predicted,conditional,true,payments/checkout,sdk-1,payments/checkout,sdk-1,upstream_translator,2,
C1-default-derive,C.1,U23,specification_predicted,conditional,true,identity-lab-source,c36-sdk:9464,identity-lab-source,c36-sdk:9464,upstream_translator,2,
C1-default-derive,C.1,D22,specification_predicted,conditional,true,payments/checkout,sdk-1,payments/checkout,sdk-1,upstream_translator,2,
C1-default-derive,C.1,U24,unchanged_measured_behavior,measured,false,payments/checkout,sdk-1,payments/checkout,sdk-1,unchanged_measured_path,1,
C1-default-derive,C.1,U25,unchanged_measured_behavior,measured,false,payments/checkout,sdk-1,payments/checkout,sdk-1,unchanged_measured_path,1,
C1-default-derive,C.1,U26,unchanged_measured_behavior,measured,false,payments/checkout,sdk-1,payments/checkout,sdk-1,unchanged_measured_path,1,
C1-default-derive,C.1,U27,unchanged_measured_behavior,measured,false,payments/checkout,sdk-1,payments/checkout,sdk-1,unchanged_measured_path,1,
C1-never-derive,C.1,E01,unchanged_measured_behavior,measured,false,identity-lab-final,c36-sdk:9464,identity-lab-final,c36-sdk:9464,unchanged_measured_path,1,
C1-never-derive,C.1,D01,unchanged_measured_behavior,measured,false,identity-lab-final,c36-sdk:9464,identity-lab-final,c36-sdk:9464,unchanged_measured_path,1,
C1-never-derive,C.1,E02,unchanged_measured_behavior,measured,false,identity-lab-final,c36-sdk:9464,identity-lab-final,c36-sdk:9464,unchanged_measured_path,1,
C1-never-derive,C.1,D02,unchanged_measured_behavior,measured,false,identity-lab-final,c36-sdk:9464,identity-lab-final,c36-sdk:9464,unchanged_measured_path,1,
C1-never-derive,C.1,E03,specification_predicted,conditional,true,identity-lab-source,c36-sdk:9464,identity-lab-source,c36-sdk:9464,upstream_translator,1,
C1-never-derive,C.1,D03,specification_predicted,conditional,true,payments/checkout,sdk-1,payments/checkout,sdk-1,upstream_translator,1,
C1-never-derive,C.1,E04,unchanged_measured_behavior,measured,false,payments/checkout,sdk-1,payments/checkout,sdk-1,unchanged_measured_path,1,
C1-never-derive,C.1,E05,unchanged_measured_behavior,measured,false,identity-lab-final,c36-collector:9464,identity-lab-final,c36-collector:9464,unchanged_measured_path,1,
C1-never-derive,C.1,E06,unchanged_measured_behavior,measured,false,identity-lab-final,c36-collector:9464,identity-lab-final,c36-collector:9464,unchanged_measured_path,1,
C1-never-derive,C.1,E07,unchanged_measured_behavior,measured,false,payments/checkout,sdk-1,payments/checkout,sdk-1,unchanged_measured_path,1,
C1-never-derive,C.1,E08,unchanged_measured_behavior,measured,false,payments/checkout,sdk-1,payments/checkout,sdk-1,unchanged_measured_path,1,
C1-never-derive,C.1,E09,unchanged_measured_behavior,measured,false,payments/checkout,sdk-1,payments/checkout,sdk-1,unchanged_measured_path,1,
C1-never-derive,C.1,U01,unchanged_measured_behavior,measured,false,payments/checkout,sdk-1,payments/checkout,sdk-1,unchanged_measured_path,1,
C1-never-derive,C.1,U02,unchanged_measured_behavior,measured,false,payments/checkout,sdk-1,payments/checkout,sdk-1,unchanged_measured_path,1,
C1-never-derive,C.1,U03,unchanged_measured_behavior,measured,false,payments/checkout,sdk-1,payments/checkout,sdk-1,unchanged_measured_path,1,
C1-never-derive,C.1,U04,unchanged_measured_behavior,measured,false,payments/checkout,sdk-1,payments/checkout,sdk-1,unchanged_measured_path,1,
C1-never-derive,C.1,U05,specification_predicted,conditional,true,identity-lab-source,c36-sdk:9464,identity-lab-source,c36-sdk:9464,upstream_translator,1,
C1-never-derive,C.1,D04,specification_predicted,conditional,true,payments/checkout,sdk-1,payments/checkout,sdk-1,upstream_translator,1,
C1-never-derive,C.1,U06,specification_predicted,conditional,true,identity-lab-source,c36-sdk:9464,identity-lab-source,c36-sdk:9464,upstream_translator,1,
C1-never-derive,C.1,D05,specification_predicted,conditional,true,payments/checkout,sdk-1,payments/checkout,sdk-1,upstream_translator,1,
C1-never-derive,C.1,U07,specification_predicted,conditional,true,identity-lab-source,c36-sdk:9464,identity-lab-source,c36-sdk:9464,upstream_translator,1,
C1-never-derive,C.1,D06,specification_predicted,conditional,true,payments/checkout,sdk-1,payments/checkout,sdk-1,upstream_translator,1,
C1-never-derive,C.1,U08,specification_predicted,conditional,true,identity-lab-source,c36-sdk:9464,identity-lab-source,c36-sdk:9464,upstream_translator,1,
C1-never-derive,C.1,D07,specification_predicted,conditional,true,payments/checkout,sdk-1,payments/checkout,sdk-1,upstream_translator,1,
C1-never-derive,C.1,U09,specification_predicted,conditional,true,identity-lab-source,c36-sdk:9464,identity-lab-source,c36-sdk:9464,upstream_translator,2,
C1-never-derive,C.1,D08,specification_predicted,conditional,true,payments/checkout,sdk-1,payments/checkout,sdk-1,upstream_translator,2,
C1-never-derive,C.1,U10,specification_predicted,conditional,true,identity-lab-source,c36-sdk:9464,identity-lab-source,c36-sdk:9464,upstream_translator,2,
C1-never-derive,C.1,D09,specification_predicted,conditional,true,payments/checkout,sdk-1,payments/checkout,sdk-1,upstream_translator,2,
C1-never-derive,C.1,U11,specification_predicted,conditional,true,identity-lab-source,c36-sdk:9464,identity-lab-source,c36-sdk:9464,upstream_translator,2,
C1-never-derive,C.1,D10,specification_predicted,conditional,true,payments/checkout,sdk-1,payments/checkout,sdk-1,upstream_translator,2,
C1-never-derive,C.1,U12,specification_predicted,conditional,true,identity-lab-source,c36-sdk:9464,identity-lab-source,c36-sdk:9464,upstream_translator,2,
C1-never-derive,C.1,D11,specification_predicted,conditional,true,payments/checkout,sdk-1,payments/checkout,sdk-1,upstream_translator,2,
C1-never-derive,C.1,U13,specification_predicted,conditional,true,identity-lab-final,c36-collector:9464,identity-lab-final,c36-collector:9464,final_scrape_target,1,
C1-never-derive,C.1,D12,specification_predicted,conditional,true,identity-lab-final,c36-collector:9464,identity-lab-final,c36-collector:9464,final_scrape_target,1,
C1-never-derive,C.1,U14,specification_predicted,conditional,true,identity-lab-final,c36-collector:9464,identity-lab-final,c36-collector:9464,final_scrape_target,1,
C1-never-derive,C.1,D13,specification_predicted,conditional,true,identity-lab-final,c36-collector:9464,identity-lab-final,c36-collector:9464,final_scrape_target,1,
C1-never-derive,C.1,U15,specification_predicted,conditional,true,identity-lab-source,c36-sdk:9464,identity-lab-source,c36-sdk:9464,upstream_translator,1,
C1-never-derive,C.1,D14,specification_predicted,conditional,true,payments/checkout,sdk-1,payments/checkout,sdk-1,upstream_translator,1,
C1-never-derive,C.1,U16,specification_predicted,conditional,true,identity-lab-final,c36-collector:9464,identity-lab-final,c36-collector:9464,final_scrape_target,2,
C1-never-derive,C.1,D15,specification_predicted,conditional,true,identity-lab-final,c36-collector:9464,identity-lab-final,c36-collector:9464,final_scrape_target,2,
C1-never-derive,C.1,U17,specification_predicted,conditional,true,identity-lab-source,c36-sdk:9464,identity-lab-source,c36-sdk:9464,upstream_translator,2,
C1-never-derive,C.1,D16,specification_predicted,conditional,true,payments/checkout,sdk-1,payments/checkout,sdk-1,upstream_translator,2,
C1-never-derive,C.1,U18,specification_predicted,conditional,true,identity-lab-final,c36-collector:9464,identity-lab-final,c36-collector:9464,final_scrape_target,2,
C1-never-derive,C.1,D17,specification_predicted,conditional,true,identity-lab-final,c36-collector:9464,identity-lab-final,c36-collector:9464,final_scrape_target,2,
C1-never-derive,C.1,U19,specification_predicted,conditional,true,identity-lab-source,c36-sdk:9464,identity-lab-source,c36-sdk:9464,upstream_translator,2,
C1-never-derive,C.1,D18,specification_predicted,conditional,true,payments/checkout,sdk-1,payments/checkout,sdk-1,upstream_translator,2,
C1-never-derive,C.1,U20,specification_predicted,conditional,true,identity-lab-source,c36-sdk:9464,identity-lab-source,c36-sdk:9464,upstream_translator,1,
C1-never-derive,C.1,D19,specification_predicted,conditional,true,payments/checkout,sdk-1,payments/checkout,sdk-1,upstream_translator,1,
C1-never-derive,C.1,U21,specification_predicted,conditional,true,identity-lab-source,c36-sdk:9464,identity-lab-source,c36-sdk:9464,upstream_translator,1,
C1-never-derive,C.1,D20,specification_predicted,conditional,true,payments/checkout,sdk-1,payments/checkout,sdk-1,upstream_translator,1,
C1-never-derive,C.1,U22,specification_predicted,conditional,true,identity-lab-source,c36-sdk:9464,identity-lab-source,c36-sdk:9464,upstream_translator,2,
C1-never-derive,C.1,D21,specification_predicted,conditional,true,payments/checkout,sdk-1,payments/checkout,sdk-1,upstream_translator,2,
C1-never-derive,C.1,U23,specification_predicted,conditional,true,identity-lab-source,c36-sdk:9464,identity-lab-source,c36-sdk:9464,upstream_translator,2,
C1-never-derive,C.1,D22,specification_predicted,conditional,true,payments/checkout,sdk-1,payments/checkout,sdk-1,upstream_translator,2,
C1-never-derive,C.1,U24,unchanged_measured_behavior,measured,false,payments/checkout,sdk-1,payments/checkout,sdk-1,unchanged_measured_path,1,
C1-never-derive,C.1,U25,unchanged_measured_behavior,measured,false,payments/checkout,sdk-1,payments/checkout,sdk-1,unchanged_measured_path,1,
C1-never-derive,C.1,U26,unchanged_measured_behavior,measured,false,payments/checkout,sdk-1,payments/checkout,sdk-1,unchanged_measured_path,1,
C1-never-derive,C.1,U27,unchanged_measured_behavior,measured,false,payments/checkout,sdk-1,payments/checkout,sdk-1,unchanged_measured_path,1,
E-symbolic,E,E01,unchanged_measured_behavior,measured,false,identity-lab-final,c36-sdk:9464,identity-lab-final,c36-sdk:9464,unchanged_measured_path,1,
E-symbolic,E,D01,unchanged_measured_behavior,measured,false,identity-lab-final,c36-sdk:9464,identity-lab-final,c36-sdk:9464,unchanged_measured_path,1,
E-symbolic,E,E02,unchanged_measured_behavior,measured,false,identity-lab-final,c36-sdk:9464,identity-lab-final,c36-sdk:9464,unchanged_measured_path,1,
E-symbolic,E,D02,unchanged_measured_behavior,measured,false,identity-lab-final,c36-sdk:9464,identity-lab-final,c36-sdk:9464,unchanged_measured_path,1,
E-symbolic,E,E03,symbolic_counterfactual,symbolic,true,identity-lab-source,c36-sdk:9464,policy-dependent,policy-dependent,upstream_translator,1,uuidv5(<canonical-complete-resource-identity>)
E-symbolic,E,D03,symbolic_counterfactual,symbolic,true,payments/checkout,sdk-1,policy-dependent,policy-dependent,upstream_translator,1,uuidv5(<canonical-complete-resource-identity>)
E-symbolic,E,E04,unchanged_measured_behavior,measured,false,payments/checkout,sdk-1,payments/checkout,sdk-1,unchanged_measured_path,1,
E-symbolic,E,E05,unchanged_measured_behavior,measured,false,identity-lab-final,c36-collector:9464,identity-lab-final,c36-collector:9464,unchanged_measured_path,1,
E-symbolic,E,E06,unchanged_measured_behavior,measured,false,identity-lab-final,c36-collector:9464,identity-lab-final,c36-collector:9464,unchanged_measured_path,1,
E-symbolic,E,E07,unchanged_measured_behavior,measured,false,payments/checkout,sdk-1,payments/checkout,sdk-1,unchanged_measured_path,1,
E-symbolic,E,E08,unchanged_measured_behavior,measured,false,payments/checkout,sdk-1,payments/checkout,sdk-1,unchanged_measured_path,1,
E-symbolic,E,E09,unchanged_measured_behavior,measured,false,payments/checkout,sdk-1,payments/checkout,sdk-1,unchanged_measured_path,1,
E-symbolic,E,U01,unchanged_measured_behavior,measured,false,payments/checkout,sdk-1,payments/checkout,sdk-1,unchanged_measured_path,1,
E-symbolic,E,U02,unchanged_measured_behavior,measured,false,payments/checkout,sdk-1,payments/checkout,sdk-1,unchanged_measured_path,1,
E-symbolic,E,U03,unchanged_measured_behavior,measured,false,payments/checkout,sdk-1,payments/checkout,sdk-1,unchanged_measured_path,1,
E-symbolic,E,U04,unchanged_measured_behavior,measured,false,payments/checkout,sdk-1,payments/checkout,sdk-1,unchanged_measured_path,1,
E-symbolic,E,U05,symbolic_counterfactual,symbolic,true,identity-lab-source,c36-sdk:9464,policy-dependent,policy-dependent,upstream_translator,1,uuidv5(<canonical-complete-resource-identity>)
E-symbolic,E,D04,symbolic_counterfactual,symbolic,true,payments/checkout,sdk-1,policy-dependent,policy-dependent,upstream_translator,1,uuidv5(<canonical-complete-resource-identity>)
E-symbolic,E,U06,symbolic_counterfactual,symbolic,true,identity-lab-source,c36-sdk:9464,policy-dependent,policy-dependent,upstream_translator,1,uuidv5(<canonical-complete-resource-identity>)
E-symbolic,E,D05,symbolic_counterfactual,symbolic,true,payments/checkout,sdk-1,policy-dependent,policy-dependent,upstream_translator,1,uuidv5(<canonical-complete-resource-identity>)
E-symbolic,E,U07,symbolic_counterfactual,symbolic,true,identity-lab-source,c36-sdk:9464,policy-dependent,policy-dependent,upstream_translator,1,uuidv5(<canonical-complete-resource-identity>)
E-symbolic,E,D06,symbolic_counterfactual,symbolic,true,payments/checkout,sdk-1,policy-dependent,policy-dependent,upstream_translator,1,uuidv5(<canonical-complete-resource-identity>)
E-symbolic,E,U08,symbolic_counterfactual,symbolic,true,identity-lab-source,c36-sdk:9464,policy-dependent,policy-dependent,upstream_translator,1,uuidv5(<canonical-complete-resource-identity>)
E-symbolic,E,D07,symbolic_counterfactual,symbolic,true,payments/checkout,sdk-1,policy-dependent,policy-dependent,upstream_translator,1,uuidv5(<canonical-complete-resource-identity>)
E-symbolic,E,U09,symbolic_counterfactual,symbolic,true,identity-lab-source,c36-sdk:9464,policy-dependent,policy-dependent,upstream_translator,2,uuidv5(<canonical-complete-resource-identity>)
E-symbolic,E,D08,symbolic_counterfactual,symbolic,true,payments/checkout,sdk-1,policy-dependent,policy-dependent,upstream_translator,2,uuidv5(<canonical-complete-resource-identity>)
E-symbolic,E,U10,symbolic_counterfactual,symbolic,true,identity-lab-source,c36-sdk:9464,policy-dependent,policy-dependent,upstream_translator,2,uuidv5(<canonical-complete-resource-identity>)
E-symbolic,E,D09,symbolic_counterfactual,symbolic,true,payments/checkout,sdk-1,policy-dependent,policy-dependent,upstream_translator,2,uuidv5(<canonical-complete-resource-identity>)
E-symbolic,E,U11,symbolic_counterfactual,symbolic,true,identity-lab-source,c36-sdk:9464,policy-dependent,policy-dependent,upstream_translator,2,uuidv5(<canonical-complete-resource-identity>)
E-symbolic,E,D10,symbolic_counterfactual,symbolic,true,payments/checkout,sdk-1,policy-dependent,policy-dependent,upstream_translator,2,uuidv5(<canonical-complete-resource-identity>)
E-symbolic,E,U12,symbolic_counterfactual,symbolic,true,identity-lab-source,c36-sdk:9464,policy-dependent,policy-dependent,upstream_translator,2,uuidv5(<canonical-complete-resource-identity>)
E-symbolic,E,D11,symbolic_counterfactual,symbolic,true,payments/checkout,sdk-1,policy-dependent,policy-dependent,upstream_translator,2,uuidv5(<canonical-complete-resource-identity>)
E-symbolic,E,U13,symbolic_counterfactual,symbolic,true,identity-lab-final,c36-collector:9464,identity-lab-final,c36-collector:9464,final_scrape_target,1,uuidv5(<canonical-complete-resource-identity>)
E-symbolic,E,D12,symbolic_counterfactual,symbolic,true,identity-lab-final,c36-collector:9464,identity-lab-final,c36-collector:9464,final_scrape_target,1,uuidv5(<canonical-complete-resource-identity>)
E-symbolic,E,U14,symbolic_counterfactual,symbolic,true,identity-lab-final,c36-collector:9464,identity-lab-final,c36-collector:9464,final_scrape_target,1,uuidv5(<canonical-complete-resource-identity>)
E-symbolic,E,D13,symbolic_counterfactual,symbolic,true,identity-lab-final,c36-collector:9464,identity-lab-final,c36-collector:9464,final_scrape_target,1,uuidv5(<canonical-complete-resource-identity>)
E-symbolic,E,U15,symbolic_counterfactual,symbolic,true,identity-lab-source,c36-sdk:9464,policy-dependent,policy-dependent,upstream_translator,1,uuidv5(<canonical-complete-resource-identity>)
E-symbolic,E,D14,symbolic_counterfactual,symbolic,true,payments/checkout,sdk-1,policy-dependent,policy-dependent,upstream_translator,1,uuidv5(<canonical-complete-resource-identity>)
E-symbolic,E,U16,symbolic_counterfactual,symbolic,true,identity-lab-final,c36-collector:9464,identity-lab-final,c36-collector:9464,final_scrape_target,2,uuidv5(<canonical-complete-resource-identity>)
E-symbolic,E,D15,symbolic_counterfactual,symbolic,true,identity-lab-final,c36-collector:9464,identity-lab-final,c36-collector:9464,final_scrape_target,2,uuidv5(<canonical-complete-resource-identity>)
E-symbolic,E,U17,symbolic_counterfactual,symbolic,true,identity-lab-source,c36-sdk:9464,policy-dependent,policy-dependent,upstream_translator,2,uuidv5(<canonical-complete-resource-identity>)
E-symbolic,E,D16,symbolic_counterfactual,symbolic,true,payments/checkout,sdk-1,policy-dependent,policy-dependent,upstream_translator,2,uuidv5(<canonical-complete-resource-identity>)
E-symbolic,E,U18,symbolic_counterfactual,symbolic,true,identity-lab-final,c36-collector:9464,identity-lab-final,c36-collector:9464,final_scrape_target,2,uuidv5(<canonical-complete-resource-identity>)
E-symbolic,E,D17,symbolic_counterfactual,symbolic,true,identity-lab-final,c36-collector:9464,identity-lab-final,c36-collector:9464,final_scrape_target,2,uuidv5(<canonical-complete-resource-identity>)
E-symbolic,E,U19,symbolic_counterfactual,symbolic,true,identity-lab-source,c36-sdk:9464,policy-dependent,policy-dependent,upstream_translator,2,uuidv5(<canonical-complete-resource-identity>)
E-symbolic,E,D18,symbolic_counterfactual,symbolic,true,payments/checkout,sdk-1,policy-dependent,policy-dependent,upstream_translator,2,uuidv5(<canonical-complete-resource-identity>)
E-symbolic,E,U20,symbolic_counterfactual,symbolic,true,identity-lab-source,c36-sdk:9464,policy-dependent,policy-dependent,upstream_translator,1,uuidv5(<canonical-complete-resource-identity>)
E-symbolic,E,D19,symbolic_counterfactual,symbolic,true,payments/checkout,sdk-1,policy-dependent,policy-dependent,upstream_translator,1,uuidv5(<canonical-complete-resource-identity>)
E-symbolic,E,U21,symbolic_counterfactual,symbolic,true,identity-lab-source,c36-sdk:9464,policy-dependent,policy-dependent,upstream_translator,1,uuidv5(<canonical-complete-resource-identity>)
E-symbolic,E,D20,symbolic_counterfactual,symbolic,true,payments/checkout,sdk-1,policy-dependent,policy-dependent,upstream_translator,1,uuidv5(<canonical-complete-resource-identity>)
E-symbolic,E,U22,symbolic_counterfactual,symbolic,true,identity-lab-source,c36-sdk:9464,policy-dependent,policy-dependent,upstream_translator,2,uuidv5(<canonical-complete-resource-identity>)
E-symbolic,E,D21,symbolic_counterfactual,symbolic,true,payments/checkout,sdk-1,policy-dependent,policy-dependent,upstream_translator,2,uuidv5(<canonical-complete-resource-identity>)
E-symbolic,E,U23,symbolic_counterfactual,symbolic,true,identity-lab-source,c36-sdk:9464,policy-dependent,policy-dependent,upstream_translator,2,uuidv5(<canonical-complete-resource-identity>)
E-symbolic,E,D22,symbolic_counterfactual,symbolic,true,payments/checkout,sdk-1,policy-dependent,policy-dependent,upstream_translator,2,uuidv5(<canonical-complete-resource-identity>)
E-symbolic,E,U24,unchanged_measured_behavior,measured,false,payments/checkout,sdk-1,payments/checkout,sdk-1,unchanged_measured_path,1,
E-symbolic,E,U25,unchanged_measured_behavior,measured,false,payments/checkout,sdk-1,payments/checkout,sdk-1,unchanged_measured_path,1,
E-symbolic,E,U26,unchanged_measured_behavior,measured,false,payments/checkout,sdk-1,payments/checkout,sdk-1,unchanged_measured_path,1,
E-symbolic,E,U27,unchanged_measured_behavior,measured,false,payments/checkout,sdk-1,payments/checkout,sdk-1,unchanged_measured_path,1,
